"Time","Interest","Cliche","Dumb","WTF","Funny"
"1","1","1","1","1","1"
"2","1","1","1","1","1"
"4","1","1","1","1","1"
"6","1","1","1","1","1"
"8","1","1","1","1","1"
"10","12","1","1","1","1"
"12","18","1","1","1","1"
"14","18","1","1","1","1"
"16","18","1","1","1","1"
"18","18","1","1","1","1"
"20","18","1","1","1","1"
"22","18","1","1","1","1"
"24","18","1","1","1","1"
"26","18","1","1","1","1"
"28","18","1","1","1","1"
"30","18","1","1","1","1"
"32","18","1","1","1","1"
"34","18","1","1","1","1"
"36","18","1","1","1","1"
"38","24","1","1","1","1"
"40","24","1","1","1","1"
"42","24","1","1","1","1"
"44","36","1","1","1","1"
"46","36","1","1","1","1"
"48","36","1","1","1","1"
"50","36","1","1","1","1"
"52","36","1","1","1","1"
"54","36","1","1","1","1"
"56","36","1","1","1","1"
"58","36","1","1","1","1"
"60","36","1","1","1","1"
"62","36","1","1","1","1"
"64","48","1","1","1","1"
"66","48","1","1","1","1"
"68","48","1","1","1","1"
"70","48","1","1","1","1"
"72","48","1","1","1","1"
"74","48","1","1","1","1"
"76","48","1","1","1","1"
"78","48","1","1","1","1"
"80","48","1","1","1","1"
"82","48","1","1","1","1"
"84","48","1","1","1","1"
"86","48","1","1","1","1"
"88","48","1","1","1","1"
"90","48","1","1","1","1"
"92","48","1","1","1","1"
"94","48","1","1","1","1"
"96","48","1","1","1","1"
"98","48","1","1","1","1"
"100","48","1","1","1","1"
"102","48","1","1","1","1"
"104","48","1","1","1","1"
"106","48","1","1","1","1"
"108","48","1","1","1","1"
"110","48","1","1","1","1"
"112","48","1","1","1","1"
"114","52","1","1","1","1"
"116","50","1","1","1","1"
"118","50","1","1","1","1"
"120","50","1","1","1","1"
"122","50","1","1","1","1"
"124","50","1","1","1","1"
"126","50","1","1","1","1"
"128","50","1","1","1","1"
"130","50","1","1","1","1"
"132","50","1","1","1","1"
"134","50","1","1","1","1"
"136","50","1","1","1","1"
"138","50","1","1","1","1"
"140","50","1","1","1","1"
"142","56","1","1","1","1"
"144","54","1","1","1","1"
"146","54","1","1","1","1"
"148","56","1","1","1","1"
"150","56","1","1","1","1"
"152","56","1","1","1","1"
"154","56","1","1","1","1"
"156","56","1","1","1","1"
"158","56","1","1","1","1"
"160","56","1","1","1","1"
"162","56","1","1","1","1"
"164","56","1","1","1","1"
"166","56","1","1","1","1"
"168","56","1","1","1","1"
"170","58","1","1","1","1"
"172","56","1","1","1","1"
"174","58","1","1","1","1"
"176","58","1","1","1","1"
"178","58","1","1","1","1"
"180","58","1","1","1","1"
"182","58","1","1","1","1"
"184","56","1","1","1","1"
"186","56","1","1","1","1"
"188","56","1","1","1","1"
"190","56","1","1","1","1"
"192","56","1","1","1","1"
"194","56","1","1","1","1"
"196","56","1","1","1","1"
"198","56","1","1","1","1"
"200","56","1","1","1","1"
"202","56","1","1","1","1"
"204","56","1","1","1","1"
"206","58","1","1","1","1"
"208","60","1","1","1","1"
"210","60","1","1","1","1"
"212","60","1","1","1","1"
"214","60","1","1","1","1"
"216","60","1","1","1","1"
"218","60","1","1","1","1"
"220","60","1","1","1","1"
"222","60","1","1","1","1"
"224","60","1","1","1","1"
"226","60","1","1","1","1"
"228","60","1","1","1","1"
"230","60","1","1","1","1"
"232","60","1","1","1","1"
"234","60","1","1","1","1"
"236","60","1","1","1","1"
"238","60","1","1","1","1"
"240","60","1","1","1","1"
"242","60","1","1","1","1"
"244","60","1","1","1","1"
"246","54","1","1","1","1"
"248","54","1","1","1","1"
"250","54","1","1","1","1"
"252","54","1","1","1","1"
"254","54","1","1","1","1"
"256","54","1","1","1","1"
"258","54","1","1","1","1"
"260","54","1","1","1","1"
"262","54","1","1","1","1"
"264","54","1","1","1","1"
"266","54","1","1","1","1"
"268","54","1","1","1","1"
"270","54","1","1","1","1"
"272","54","1","1","1","1"
"274","54","1","1","1","1"
"276","60","1","1","1","1"
"278","60","1","1","1","1"
"280","60","1","1","1","1"
"282","60","1","1","1","1"
"284","60","1","1","1","1"
"286","60","1","1","1","1"
"288","60","1","1","1","1"
"290","60","1","1","1","1"
"292","60","1","1","1","1"
"294","60","1","1","1","1"
"296","60","1","1","1","1"
"298","60","1","1","1","1"
"300","60","1","1","1","1"
"302","60","1","1","1","1"
"304","60","1","1","1","1"
"306","60","1","1","1","1"
"308","60","1","1","1","1"
"310","60","1","1","1","1"
"312","60","1","1","1","1"
"314","60","1","1","1","1"
"316","60","1","1","1","1"
"318","60","1","1","1","1"
"320","60","1","1","1","1"
"322","60","1","1","1","1"
"324","64","1","1","1","1"
"326","64","1","1","1","1"
"328","64","1","1","1","1"
"330","64","1","1","1","1"
"332","64","1","1","1","1"
"334","64","1","1","1","1"
"336","64","1","1","1","1"
"338","64","1","1","1","1"
"340","64","1","1","1","1"
"342","64","1","1","1","1"
"344","64","1","1","1","1"
"346","64","1","1","1","1"
"348","64","1","1","1","1"
"350","64","1","1","1","1"
"352","64","1","1","1","1"
"354","64","1","1","1","1"
"356","64","1","1","1","1"
"358","64","1","1","1","1"
"360","64","1","1","1","1"
"362","64","1","1","1","1"
"364","64","1","1","1","1"
"366","64","1","1","1","1"
"368","64","1","1","1","1"
"370","64","1","1","1","1"
"372","64","1","1","1","1"
"374","64","1","1","1","1"
"376","64","1","1","1","1"
"378","66","1","1","1","1"
"380","66","1","1","1","1"
"382","66","1","1","1","1"
"384","66","1","1","1","1"
"386","66","1","1","1","1"
"388","66","1","1","1","1"
"390","66","1","1","1","1"
"392","66","1","1","1","1"
"394","70","1","1","1","1"
"396","70","1","1","1","1"
"398","70","1","1","1","1"
"400","70","1","1","1","1"
"402","70","1","1","1","1"
"404","70","1","1","1","1"
"406","70","1","1","1","1"
"408","70","1","1","1","1"
"410","70","1","1","1","1"
"412","70","1","1","1","1"
"414","70","1","1","1","1"
"416","70","1","1","1","1"
"418","70","1","1","1","1"
"420","70","1","1","1","1"
"422","70","1","1","1","1"
"424","72","1","1","1","1"
"426","74","1","1","1","1"
"428","74","1","1","1","1"
"430","74","1","1","1","1"
"432","74","1","1","1","1"
"434","74","1","1","1","1"
"436","74","1","1","1","1"
"438","74","1","1","1","1"
"440","74","1","1","1","1"
"442","74","1","1","10","1"
"444","74","1","1","10","1"
"446","74","1","1","10","1"
"448","74","1","1","10","1"
"450","74","1","1","10","1"
"452","74","1","1","10","1"
"454","74","1","1","10","1"
"456","74","1","1","10","1"
"458","74","1","1","10","1"
"460","74","1","1","10","1"
"462","74","1","1","10","1"
"464","74","1","1","10","1"
"466","74","1","1","10","1"
"468","74","1","1","10","1"
"470","74","1","1","10","1"
"472","74","1","1","10","1"
"474","74","1","1","10","1"
"476","78","1","1","10","1"
"478","78","1","1","10","1"
"480","78","1","1","10","1"
"482","78","1","1","10","1"
"484","78","1","1","10","1"
"486","78","1","1","10","1"
"488","78","1","1","10","1"
"490","78","1","1","10","1"
"492","78","1","1","10","1"
"494","78","1","1","10","1"
"496","78","1","1","10","1"
"498","78","1","1","10","1"
"500","78","1","1","10","1"
"502","78","1","1","10","1"
"504","78","1","1","22","1"
"506","78","1","1","22","1"
"508","78","1","1","22","1"
"510","78","1","1","22","1"
"512","78","1","1","22","1"
"514","78","1","1","22","1"
"516","78","1","1","22","1"
"518","78","1","1","22","1"
"520","78","1","1","22","1"
"522","78","1","1","22","1"
"524","78","1","1","22","1"
"526","78","1","1","22","1"
"528","78","1","1","22","1"
"530","78","1","1","22","1"
"532","78","1","1","22","1"
"534","78","1","1","22","1"
"536","82","1","1","22","1"
"538","82","1","1","10","1"
"540","82","1","1","10","1"
"542","82","1","1","10","1"
"544","82","1","1","10","1"
"546","82","1","1","10","1"
"548","82","1","1","10","1"
"550","82","1","1","10","1"
"552","82","1","1","10","1"
"554","82","1","1","10","1"
"556","82","1","1","10","1"
"558","82","1","1","10","1"
"560","82","1","1","10","1"
"562","82","1","1","10","1"
"564","82","1","1","10","1"
"566","82","1","1","10","1"
"568","82","1","1","10","1"
"570","82","1","1","10","1"
"572","82","1","1","10","1"
"574","82","1","1","10","1"
"576","82","1","1","10","1"
"578","82","1","1","10","1"
"580","82","1","1","10","1"
"582","82","1","1","10","1"
"584","82","1","1","10","1"
"586","82","1","1","10","1"
"588","82","1","1","10","1"
"590","82","1","1","10","1"
"592","82","1","1","10","1"
"594","82","1","1","10","1"
"596","82","1","1","10","1"
"598","82","1","1","10","1"
"600","82","1","1","1","1"
"602","82","1","1","1","1"
"604","82","1","1","1","1"
"606","70","1","1","1","1"
"608","70","1","1","1","1"
"610","70","1","1","1","1"
"612","70","1","1","1","1"
"614","70","12","1","1","1"
"616","70","18","1","1","1"
"618","70","18","1","1","1"
"620","70","18","1","1","1"
"622","70","18","1","1","1"
"624","70","18","1","1","1"
"626","70","18","1","1","1"
"628","70","18","1","1","1"
"630","70","18","1","1","1"
"632","70","18","1","1","1"
"634","70","2","1","1","1"
"636","70","1","1","1","1"
"638","70","1","1","1","1"
"640","70","1","1","1","1"
"642","70","1","1","1","1"
"644","70","1","1","1","1"
"646","70","1","1","1","1"
"648","70","1","1","1","1"
"650","70","1","1","1","1"
"652","70","1","1","1","1"
"654","70","1","1","1","1"
"656","70","1","1","1","1"
"658","70","1","1","1","1"
"660","70","1","1","1","1"
"662","70","1","1","1","1"
"664","70","1","1","1","1"
"666","70","1","1","1","1"
"668","70","1","1","1","1"
"670","70","1","1","1","1"
"672","70","1","1","1","1"
"674","70","1","1","1","1"
"676","70","1","1","1","1"
"678","70","1","1","1","1"
"680","70","1","1","1","1"
"682","70","1","1","1","1"
"684","70","1","1","1","1"
"686","70","1","1","1","1"
"688","70","1","1","1","1"
"690","70","1","1","1","1"
"692","70","1","1","1","1"
"694","70","1","1","1","1"
"696","70","1","1","1","1"
"698","70","1","1","1","1"
"700","70","1","1","1","1"
"702","70","1","1","1","1"
"704","70","1","1","1","1"
"706","70","1","1","1","1"
"708","70","1","1","1","1"
"710","70","1","1","1","1"
"712","70","1","1","1","1"
"714","70","1","1","1","1"
"716","70","1","1","1","1"
"718","70","1","1","1","1"
"720","70","1","1","1","1"
"722","70","1","1","1","1"
"724","70","1","1","1","1"
"726","70","1","1","1","1"
"728","72","1","1","1","1"
"730","72","1","1","1","1"
"732","72","1","1","1","1"
"734","72","1","1","1","1"
"736","72","1","1","1","1"
"738","72","1","1","1","1"
"740","72","1","1","1","1"
"742","72","1","1","1","1"
"744","72","1","1","1","1"
"746","72","1","1","1","1"
"748","72","1","1","1","1"
"750","64","1","1","1","1"
"752","64","1","1","12","1"
"754","64","1","1","12","1"
"756","64","1","1","12","1"
"758","64","1","1","1","1"
"760","64","1","1","1","1"
"762","64","1","1","1","1"
"764","64","1","1","1","1"
"766","64","1","1","1","1"
"768","64","1","1","1","1"
"770","64","1","1","1","1"
"772","64","1","1","1","1"
"774","64","1","1","1","1"
"776","64","1","1","1","1"
"778","64","1","1","1","1"
"780","64","1","1","1","1"
"782","64","1","1","1","1"
"784","64","1","1","1","1"
"786","64","1","1","1","1"
"788","64","1","1","1","1"
"790","64","1","1","1","1"
"792","64","1","1","1","1"
"794","64","1","1","1","1"
"796","64","1","1","1","1"
"798","64","1","1","1","1"
"800","64","1","1","1","1"
"802","64","1","1","1","1"
"804","64","1","1","1","1"
"806","64","1","1","1","1"
"808","64","1","1","1","1"
"810","64","1","1","1","1"
"812","64","1","1","1","1"
"814","64","1","1","1","1"
"816","64","1","1","1","1"
"818","64","1","1","1","1"
"820","64","1","1","1","1"
"822","64","1","1","1","1"
"824","64","1","1","1","1"
"826","64","1","1","1","1"
"828","64","1","1","1","1"
"830","64","1","1","1","1"
"832","64","1","1","1","1"
"834","64","1","1","1","1"
"836","64","1","1","1","1"
"838","64","1","1","1","1"
"840","64","1","1","1","1"
"842","64","1","1","1","1"
"844","64","1","1","1","1"
"846","64","1","1","1","1"
"848","64","1","1","1","1"
"850","64","1","1","1","1"
"852","64","1","1","1","1"
"854","64","1","1","1","1"
"856","64","1","1","1","1"
"858","64","1","1","1","1"
"860","64","1","1","1","1"
"862","54","1","1","1","1"
"864","54","1","1","1","1"
"866","54","1","1","1","1"
"868","54","1","1","1","1"
"870","54","1","1","1","1"
"872","54","1","1","1","1"
"874","54","1","1","1","1"
"876","54","1","1","1","1"
"878","54","1","1","1","1"
"880","54","1","1","1","1"
"882","54","1","1","1","1"
"884","54","1","1","1","1"
"886","54","1","1","1","1"
"888","54","1","1","1","1"
"890","54","1","1","1","1"
"892","54","1","1","1","1"
"894","54","1","1","1","1"
"896","54","1","1","1","1"
"898","54","1","1","1","1"
"900","54","1","1","1","1"
"902","54","1","1","1","1"
"904","54","1","1","1","1"
"906","54","1","1","1","1"
"908","54","1","1","1","1"
"910","54","1","1","1","1"
"912","54","1","1","1","1"
"914","54","1","1","1","1"
"916","54","1","1","1","1"
"918","54","1","1","1","1"
"920","54","1","1","1","1"
"922","54","1","1","1","1"
"924","54","1","1","1","1"
"926","54","1","1","1","1"
"928","54","1","1","1","1"
"930","54","1","1","1","1"
"932","54","1","1","1","1"
"934","54","1","1","1","1"
"936","54","1","1","1","1"
"938","54","1","1","1","1"
"940","54","1","1","1","1"
"942","54","1","1","1","1"
"944","54","1","1","1","1"
"946","54","1","1","1","1"
"948","54","1","1","1","1"
"950","54","1","1","1","1"
"952","54","1","1","1","1"
"954","54","1","1","1","1"
"956","54","1","1","1","1"
"958","54","1","1","1","1"
"960","54","1","1","1","1"
"962","54","1","1","1","1"
"964","54","1","1","1","1"
"966","48","1","1","1","1"
"968","48","1","1","1","1"
"970","48","1","1","1","1"
"972","48","1","1","1","1"
"974","48","1","1","1","1"
"976","48","1","1","1","1"
"978","48","1","1","1","1"
"980","48","1","1","1","1"
"982","48","1","1","1","1"
"984","48","1","1","1","1"
"986","48","1","1","1","1"
"988","48","1","1","1","1"
"990","48","1","1","1","1"
"992","48","1","1","1","1"
"994","48","1","1","1","1"
"996","48","1","1","1","1"
"998","48","1","1","1","1"
"1000","48","1","1","1","1"
"1002","48","1","1","1","1"
"1004","48","1","1","1","1"
"1006","48","1","1","1","1"
"1008","48","1","1","1","1"
"1010","48","1","1","1","1"
"1012","48","1","1","1","1"
"1014","48","1","1","1","1"
"1016","48","1","1","1","1"
"1018","48","1","1","1","1"
"1020","48","1","1","1","1"
"1022","48","1","1","1","1"
"1024","48","1","1","1","1"
"1026","48","1","1","1","1"
"1028","48","1","1","1","1"
"1030","48","1","1","1","1"
"1032","48","1","1","1","1"
"1034","48","1","1","1","1"
"1036","48","1","1","1","1"
"1038","48","1","1","1","1"
"1040","48","1","1","1","1"
"1042","48","1","1","1","1"
"1044","48","1","1","1","1"
"1046","48","1","1","1","1"
"1048","48","1","1","1","1"
"1050","48","1","1","1","1"
"1052","48","1","1","1","1"
"1054","48","1","1","1","1"
"1056","48","1","1","1","1"
"1058","48","1","1","1","1"
"1060","48","1","1","1","1"
"1062","48","1","1","1","1"
"1064","48","1","1","1","1"
"1066","48","1","1","1","1"
"1068","48","1","1","1","1"
"1070","48","1","1","1","1"
"1072","48","1","1","1","1"
"1074","48","1","1","1","1"
"1076","48","1","1","1","1"
"1078","48","1","1","1","1"
"1080","48","1","1","1","1"
"1082","48","1","1","1","1"
"1084","48","1","1","1","1"
"1086","48","1","1","1","1"
"1088","48","1","1","1","1"
"1090","48","1","1","1","1"
"1092","48","1","1","1","1"
"1094","48","1","1","1","1"
"1096","48","1","1","1","1"
"1098","48","1","1","1","1"
"1100","48","1","1","1","1"
"1102","48","1","1","1","1"
"1104","48","1","1","1","1"
"1106","48","1","1","1","1"
"1108","48","1","1","1","1"
"1110","54","1","1","1","1"
"1112","54","1","1","1","1"
"1114","54","1","1","1","1"
"1116","54","1","1","1","1"
"1118","54","1","1","1","1"
"1120","54","1","1","1","1"
"1122","54","1","1","1","1"
"1124","54","1","1","1","1"
"1126","54","1","1","1","1"
"1128","54","1","1","1","1"
"1130","54","1","1","1","1"
"1132","54","1","1","1","1"
"1134","54","1","1","1","1"
"1136","54","1","1","1","1"
"1138","54","1","1","1","1"
"1140","54","1","1","1","1"
"1142","54","1","1","1","1"
"1144","54","1","1","1","1"
"1146","54","1","1","1","1"
"1148","54","1","1","1","1"
"1150","54","1","1","1","1"
"1152","54","1","1","1","1"
"1154","54","1","1","1","1"
"1156","54","1","1","1","1"
"1158","54","1","1","1","1"
"1160","54","1","1","1","1"
"1162","54","1","1","1","1"
"1164","54","1","1","1","1"
"1166","54","1","1","1","1"
"1168","54","1","1","1","1"
"1170","54","1","1","1","1"
"1172","54","1","1","1","1"
"1174","54","1","1","1","1"
"1176","54","1","1","1","1"
"1178","46","1","1","1","1"
"1180","46","1","1","1","1"
"1182","36","1","1","1","1"
"1184","36","1","1","1","1"
"1186","36","1","1","1","1"
"1188","36","1","1","1","1"
"1190","36","1","1","1","1"
"1192","36","1","1","1","1"
"1194","36","1","1","1","1"
"1196","36","1","1","1","1"
"1198","36","1","1","1","1"
"1200","36","1","1","1","1"
"1202","36","1","1","1","1"
"1204","36","1","1","1","1"
"1206","36","1","1","1","1"
"1208","36","1","1","1","1"
"1210","36","1","1","1","1"
"1212","36","1","1","1","1"
"1214","36","1","1","1","1"
"1216","36","1","1","1","1"
"1218","36","1","1","1","1"
"1220","36","1","1","1","1"
"1222","36","1","1","1","1"
"1224","36","1","1","1","1"
"1226","36","1","1","1","1"
"1228","36","1","1","1","1"
"1230","36","1","1","1","1"
"1232","36","1","1","1","1"
"1234","36","1","1","1","1"
"1236","36","1","1","1","1"
"1238","36","1","1","1","1"
"1240","36","1","1","1","1"
"1242","36","1","1","1","1"
"1244","36","1","1","1","1"
"1246","36","1","1","1","1"
"1248","36","1","1","1","1"
"1250","36","1","1","1","1"
"1252","36","1","1","1","1"
"1254","36","1","1","1","1"
"1256","46","1","1","1","1"
"1258","46","1","1","1","1"
"1260","46","1","1","1","1"
"1262","46","1","1","1","1"
"1264","46","1","1","1","1"
"1266","46","1","1","1","1"
"1268","46","1","1","1","1"
"1270","46","1","1","1","1"
"1272","46","1","1","1","1"
"1274","46","1","1","1","1"
"1276","46","1","1","1","1"
"1278","46","1","1","1","1"
"1280","46","1","1","1","1"
"1282","46","1","1","1","1"
"1284","46","1","1","1","1"
"1286","46","1","1","1","1"
"1288","46","1","1","1","1"
"1290","46","1","1","1","1"
"1292","46","1","1","1","1"
"1294","46","1","1","1","1"
"1296","46","1","1","1","1"
"1298","46","1","1","1","1"
"1300","46","1","1","1","1"
"1302","46","1","1","1","1"
"1304","46","1","1","1","1"
"1306","46","1","1","1","1"
"1308","46","1","1","1","1"
"1310","46","1","1","1","1"
"1312","46","1","1","1","1"
"1314","46","1","1","1","1"
"1316","46","1","1","1","1"
"1318","46","1","1","1","1"
"1320","46","1","1","1","1"
"1322","46","1","1","1","1"
"1324","46","1","1","1","1"
"1326","46","1","1","1","1"
"1328","46","1","1","1","1"
"1330","46","1","1","1","1"
"1332","46","1","1","1","1"
"1334","46","1","1","1","1"
"1336","46","1","1","1","1"
"1338","46","1","1","1","1"
"1340","46","1","1","1","1"
"1342","48","1","1","1","1"
"1344","48","1","1","1","1"
"1346","48","1","1","1","1"
"1348","48","1","1","1","1"
"1350","48","1","1","1","1"
"1352","48","1","1","1","1"
"1354","48","1","1","1","1"
"1356","48","1","1","1","1"
"1358","48","1","1","1","1"
"1360","48","1","1","1","1"
"1362","48","1","1","1","1"
"1364","48","1","1","1","1"
"1366","48","1","1","1","1"
"1368","48","1","1","1","1"
"1370","56","1","1","1","1"
"1372","56","1","1","1","1"
"1374","56","1","1","1","1"
"1376","56","1","1","1","1"
"1378","56","1","1","1","1"
"1380","56","1","1","1","1"
"1382","56","1","1","1","1"
"1384","56","1","1","1","1"
"1386","56","1","1","1","1"
"1388","56","1","1","1","1"
"1390","56","1","1","1","1"
"1392","56","1","1","1","1"
"1394","56","1","1","1","1"
"1396","56","1","1","1","1"
"1398","56","1","1","1","1"
"1400","56","1","1","1","1"
"1402","56","1","1","1","1"
"1404","56","1","1","1","1"
"1406","56","1","1","1","1"
"1408","56","1","1","1","1"
"1410","56","1","1","1","1"
"1412","56","1","1","1","1"
"1414","56","1","1","1","1"
"1416","56","1","1","1","1"
"1418","56","1","1","1","1"
"1420","56","1","1","1","1"
"1422","56","1","1","1","1"
"1424","56","1","1","1","1"
"1426","56","1","1","1","1"
"1428","56","1","1","1","1"
"1430","56","1","1","1","1"
"1432","56","1","1","1","1"
"1434","56","1","1","1","1"
"1436","56","1","1","1","1"
"1438","56","1","1","1","1"
"1440","56","1","1","1","1"
"1442","56","1","1","1","1"
"1444","56","1","1","1","1"
"1446","56","1","1","1","1"
"1448","56","1","1","1","1"
"1450","56","1","1","1","1"
"1452","56","1","1","1","1"
"1454","56","1","1","1","1"
"1456","56","1","1","1","1"
"1458","56","1","1","1","1"
"1460","56","1","1","1","1"
"1462","56","1","1","1","1"
"1464","56","1","1","1","1"
"1466","56","1","1","1","1"
"1468","56","1","1","1","1"
"1470","56","1","1","1","1"
"1472","56","1","1","1","1"
"1474","56","1","1","1","1"
"1476","56","1","1","1","1"
"1478","56","1","1","1","1"
"1480","56","1","1","1","1"
"1482","56","1","1","1","1"
"1484","56","1","1","1","1"
"1486","56","1","1","1","1"
"1488","58","1","1","1","1"
"1490","60","1","1","1","1"
"1492","60","1","1","1","1"
"1494","60","1","1","1","1"
"1496","60","1","1","1","1"
"1498","60","1","1","1","1"
"1500","60","1","1","1","1"
"1502","60","1","1","1","1"
"1504","60","1","1","1","1"
"1506","60","1","1","1","1"
"1508","60","1","1","1","1"
"1510","60","1","1","1","1"
"1512","60","1","1","1","1"
"1514","60","1","1","1","1"
"1516","60","1","1","1","1"
"1518","60","1","1","1","1"
"1520","60","1","1","1","1"
"1522","60","1","1","1","1"
"1524","60","1","1","1","1"
"1526","60","1","1","1","1"
"1528","60","1","1","1","1"
"1530","62","1","1","1","1"
"1532","62","1","1","1","1"
"1534","66","1","1","1","1"
"1536","66","1","1","1","1"
"1538","66","1","1","1","1"
"1540","66","1","1","1","1"
"1542","66","1","1","1","1"
"1544","66","1","1","1","1"
"1546","66","1","1","1","1"
"1548","66","1","1","1","1"
"1550","66","1","1","1","1"
"1552","66","1","1","1","1"
"1554","66","1","1","1","1"
"1556","66","1","1","1","1"
"1558","66","1","1","1","1"
"1560","66","1","1","1","1"
"1562","66","1","1","1","1"
"1564","66","1","1","1","1"
"1566","66","1","1","1","1"
"1568","66","1","1","1","1"
"1570","66","1","1","1","1"
"1572","66","1","1","1","1"
"1574","66","1","1","1","1"
"1576","66","1","1","1","1"
"1578","66","1","1","1","1"
"1580","66","1","1","1","1"
"1582","66","1","1","1","1"
"1584","66","1","1","1","1"
"1586","66","1","1","1","1"
"1588","66","1","1","1","1"
"1590","66","1","1","1","1"
"1592","66","1","1","1","1"
"1594","66","1","1","1","1"
"1596","62","1","1","1","1"
"1598","62","1","1","1","1"
"1600","62","1","1","1","1"
"1602","62","1","1","1","1"
"1604","62","1","1","1","1"
"1606","62","1","1","1","1"
"1608","62","1","1","1","1"
"1610","62","1","1","1","1"
"1612","62","1","1","1","1"
"1614","62","1","1","1","1"
"1616","62","1","1","1","1"
"1618","62","1","1","1","1"
"1620","62","1","1","1","1"
"1622","62","1","1","1","1"
"1624","62","1","1","1","1"
"1626","62","1","1","1","1"
"1628","62","1","1","1","1"
"1630","62","1","1","1","1"
"1632","62","1","1","1","1"
"1634","62","1","1","1","1"
"1636","62","1","1","1","1"
"1638","62","1","1","1","1"
"1640","62","1","1","1","1"
"1642","62","1","1","1","1"
"1644","62","1","1","1","1"
"1646","62","1","1","1","1"
"1648","62","1","1","1","1"
"1650","62","1","1","1","1"
"1652","62","1","1","1","1"
"1654","62","1","1","1","1"
"1656","62","1","1","1","1"
"1658","62","1","1","1","1"
"1660","62","1","1","1","1"
"1662","62","1","1","8","1"
"1664","62","1","1","8","1"
"1666","62","1","1","8","1"
"1668","62","1","1","8","1"
"1670","62","1","1","8","1"
"1672","62","1","1","8","1"
"1674","62","1","1","8","1"
"1676","62","1","1","8","1"
"1678","62","1","1","8","1"
"1680","62","1","1","8","1"
"1682","62","1","8","8","1"
"1684","62","1","8","8","1"
"1686","62","1","8","8","1"
"1688","62","1","8","8","1"
"1690","62","1","8","8","1"
"1692","62","1","8","8","1"
"1694","62","1","8","8","1"
"1696","62","1","18","8","1"
"1698","62","1","18","8","1"
"1700","62","1","18","8","1"
"1702","62","1","18","8","1"
"1704","62","1","18","8","1"
"1706","62","1","18","8","1"
"1708","62","1","18","8","1"
"1710","62","1","18","8","1"
"1712","62","1","18","8","1"
"1714","62","1","18","8","1"
"1716","62","1","18","8","1"
"1718","62","1","18","8","1"
"1720","62","1","18","8","1"
"1722","62","1","18","8","1"
"1724","62","1","1","8","1"
"1726","62","1","1","1","1"
"1728","62","1","1","1","1"
"1730","62","1","1","1","1"
"1732","62","1","1","1","1"
"1734","62","1","1","1","1"
"1736","62","1","1","1","1"
"1738","62","1","1","1","1"
"1740","62","1","1","1","1"
"1742","62","1","1","1","1"
"1744","62","1","1","1","1"
"1746","62","1","1","1","1"
"1748","68","1","1","1","1"
"1750","68","1","1","1","1"
"1752","68","1","1","1","1"
"1754","68","1","1","1","1"
"1756","68","1","1","1","1"
"1758","68","1","1","1","1"
"1760","68","1","1","1","1"
"1762","68","1","1","1","1"
"1764","68","1","1","1","1"
"1766","68","1","1","1","1"
"1768","68","1","1","1","1"
"1770","68","1","1","1","1"
"1772","68","1","1","1","1"
"1774","68","1","1","1","1"
"1776","68","1","1","1","1"
"1778","68","1","1","1","1"
"1780","68","1","1","1","1"
"1782","68","1","1","1","1"
"1784","68","4","1","1","1"
"1786","68","10","1","1","1"
"1788","68","10","1","1","1"
"1790","68","10","1","1","1"
"1792","68","10","1","1","1"
"1794","68","10","1","1","1"
"1796","68","10","1","1","1"
"1798","68","10","1","1","1"
"1800","68","10","1","1","1"
"1802","68","10","1","1","1"
"1804","68","10","1","1","1"
"1806","68","4","1","1","1"
"1808","68","4","1","1","1"
"1810","68","4","1","1","1"
"1812","68","2","1","1","1"
"1814","68","1","1","1","1"
"1816","56","1","1","1","1"
"1818","56","1","1","1","1"
"1820","56","1","1","1","1"
"1822","56","1","1","1","1"
"1824","56","1","1","1","1"
"1826","56","1","1","1","1"
"1828","56","1","1","1","1"
"1830","56","1","1","1","1"
"1832","56","1","1","1","1"
"1834","56","1","1","1","1"
"1836","56","1","1","1","1"
"1838","56","1","1","1","1"
"1840","56","1","1","1","1"
"1842","56","1","1","1","1"
"1844","56","1","1","1","1"
"1846","56","1","1","1","1"
"1848","56","1","1","1","1"
"1850","56","1","1","1","1"
"1852","56","1","1","1","1"
"1854","56","1","1","1","1"
"1856","56","1","1","1","1"
"1858","56","1","1","1","1"
"1860","56","1","1","1","1"
"1862","56","1","1","1","1"
"1864","56","1","1","1","1"
"1866","56","1","1","1","1"
"1868","56","1","1","1","1"
"1870","56","1","1","1","1"
"1872","56","1","1","1","1"
"1874","56","1","1","1","1"
"1876","56","1","1","1","1"
"1878","56","1","1","1","1"
"1880","56","1","1","1","1"
"1882","56","1","1","1","1"
"1884","56","1","1","1","1"
"1886","56","1","1","1","1"
"1888","56","1","1","1","1"
"1890","56","1","1","1","1"
"1892","56","1","1","1","1"
"1894","56","1","1","1","1"
"1896","56","1","1","1","1"
"1898","56","1","1","1","1"
"1900","56","1","1","1","1"
"1902","56","1","1","1","1"
"1904","56","1","1","1","1"
"1906","56","1","1","1","1"
"1908","56","1","1","1","1"
"1910","56","1","1","1","1"
"1912","56","1","1","1","1"
"1914","56","1","1","1","1"
"1916","56","1","1","1","1"
"1918","56","1","1","1","1"
"1920","56","1","1","1","1"
"1922","56","1","1","1","1"
"1924","56","1","1","1","1"
"1926","56","1","1","1","1"
"1928","56","1","1","1","1"
"1930","56","1","1","1","1"
"1932","56","1","1","1","1"
"1934","56","1","1","1","1"
"1936","56","1","1","1","1"
"1938","56","1","1","1","1"
"1940","56","1","1","1","1"
"1942","56","1","1","1","1"
"1944","56","1","1","1","1"
"1946","56","1","1","1","1"
"1948","62","1","1","1","1"
"1950","62","1","1","1","1"
"1952","62","1","1","1","1"
"1954","62","1","1","1","1"
"1956","62","1","1","1","1"
"1958","62","1","1","1","1"
"1960","62","1","1","1","1"
"1962","62","1","1","1","1"
"1964","62","1","1","1","1"
"1966","62","1","1","1","1"
"1968","62","1","1","1","1"
"1970","62","1","1","1","1"
"1972","62","1","1","1","1"
"1974","62","1","1","1","1"
"1976","62","1","1","1","1"
"1978","62","1","1","1","1"
"1980","62","1","1","1","1"
"1982","62","1","1","1","1"
"1984","62","1","1","1","1"
"1986","62","1","1","1","1"
"1988","62","1","1","1","1"
"1990","62","1","1","1","1"
"1992","64","1","1","1","1"
"1994","64","1","1","1","1"
"1996","64","1","1","1","1"
"1998","64","1","1","1","1"
"2000","64","1","1","1","1"
"2002","64","1","1","1","1"
"2004","64","1","1","1","1"
"2006","64","1","1","1","1"
"2008","64","1","1","1","1"
"2010","64","16","1","1","1"
"2012","64","18","1","1","1"
"2014","64","48","1","1","1"
"2016","64","48","1","1","1"
"2018","64","56","1","1","1"
"2020","64","56","1","1","1"
"2022","64","62","1","1","1"
"2024","64","54","1","1","1"
"2026","56","54","1","1","1"
"2028","56","58","1","1","1"
"2030","56","58","1","1","1"
"2032","56","32","1","1","1"
"2034","56","28","1","1","1"
"2036","50","26","1","1","1"
"2038","50","26","1","1","1"
"2040","50","26","1","1","1"
"2042","50","26","1","1","1"
"2044","50","26","1","1","1"
"2046","50","26","1","1","1"
"2048","50","26","1","1","1"
"2050","50","26","1","1","1"
"2052","50","26","1","1","1"
"2054","50","1","1","1","1"
"2056","50","1","1","1","1"
"2058","50","1","1","1","1"
"2060","50","1","1","1","1"
"2062","50","1","1","1","1"
"2064","50","1","1","1","1"
"2066","50","1","1","1","1"
"2068","50","1","1","1","1"
"2070","50","1","1","1","1"
"2072","50","1","1","1","1"
"2074","50","1","1","1","1"
"2076","58","1","1","1","1"
"2078","60","1","1","1","1"
"2080","60","1","1","1","1"
"2082","60","1","1","1","1"
"2084","60","1","1","1","1"
"2086","60","1","1","1","1"
"2088","60","1","1","1","1"
"2090","60","1","1","1","1"
"2092","60","1","1","1","1"
"2094","60","1","1","1","1"
"2096","60","1","1","1","1"
"2098","60","1","1","1","1"
"2100","60","1","1","1","1"
"2102","60","1","1","1","1"
"2104","70","1","1","1","1"
"2106","70","1","1","1","1"
"2108","70","1","1","1","1"
"2110","70","1","1","1","1"
"2112","70","1","1","1","1"
"2114","70","1","1","1","1"
"2116","70","1","1","1","1"
"2118","70","1","1","1","1"
"2120","70","1","1","1","1"
"2122","70","1","1","1","1"
"2124","70","1","1","1","1"
"2126","70","1","1","1","1"
"2128","70","1","1","1","1"
"2130","70","1","1","1","1"
"2132","70","1","1","1","1"
"2134","70","1","1","1","1"
"2136","70","1","1","1","1"
"2138","70","1","1","1","1"
"2140","70","1","1","1","1"
"2142","70","1","1","1","1"
"2144","70","1","1","1","1"
"2146","70","1","1","1","1"
"2148","70","1","1","1","1"
"2150","70","1","1","1","1"
"2152","70","1","1","1","1"
"2154","70","1","1","1","1"
"2156","70","1","1","1","1"
"2158","70","1","1","1","1"
"2160","70","1","1","1","1"
"2162","70","1","1","1","1"
"2164","70","1","1","1","1"
"2166","70","1","1","1","1"
"2168","70","1","1","1","1"
"2170","70","1","1","1","1"
"2172","70","1","1","1","1"
"2174","70","1","1","1","1"
"2176","70","1","1","6","1"
"2178","70","1","1","6","1"
"2180","70","1","1","1","1"
"2182","70","1","1","1","1"
"2184","70","1","1","1","1"
"2186","62","1","1","1","1"
"2188","62","1","1","1","1"
"2190","62","1","1","1","1"
"2192","62","1","1","1","1"
"2194","62","1","1","1","1"
"2196","62","1","1","1","1"
"2198","62","1","1","1","1"
"2200","62","1","1","1","1"
"2202","62","1","1","1","1"
"2204","62","1","1","1","1"
"2206","62","1","1","1","1"
"2208","62","1","1","1","1"
"2210","62","1","1","1","1"
"2212","62","1","1","1","1"
"2214","62","1","1","1","1"
"2216","62","1","1","1","1"
"2218","62","1","1","1","1"
"2220","62","1","1","1","1"
"2222","62","1","1","1","1"
"2224","62","1","1","1","1"
"2226","62","1","1","1","1"
"2228","62","1","1","1","1"
"2230","62","1","1","1","1"
"2232","62","1","1","1","1"
"2234","62","1","1","1","1"
"2236","62","1","1","1","1"
"2238","62","1","1","1","1"
"2240","62","1","1","1","1"
"2242","62","1","1","1","1"
"2244","62","1","1","1","1"
"2246","62","1","1","1","1"
"2248","62","1","1","1","1"
"2250","62","1","1","1","1"
"2252","62","1","1","1","1"
"2254","62","1","1","1","1"
"2256","62","1","1","1","1"
"2258","62","1","1","1","1"
"2260","62","1","1","1","1"
"2262","62","1","1","1","1"
"2264","62","1","1","1","1"
"2266","62","1","1","1","1"
"2268","62","1","1","1","1"
"2270","62","1","1","1","1"
"2272","62","1","1","1","1"
"2274","62","1","1","1","1"
"2276","62","1","1","10","1"
"2278","62","1","1","14","1"
"2280","62","1","1","14","1"
"2282","62","1","1","14","1"
"2284","62","1","1","16","1"
"2286","62","1","1","20","1"
"2288","62","1","1","20","1"
"2290","62","1","1","20","1"
"2292","62","1","1","20","1"
"2294","62","1","1","20","1"
"2296","62","1","1","20","1"
"2298","62","1","1","20","1"
"2300","62","1","1","20","1"
"2302","62","1","1","20","1"
"2304","62","1","1","20","1"
"2306","66","1","1","20","1"
"2308","66","1","1","20","1"
"2310","66","1","1","20","1"
"2312","66","1","1","20","1"
"2314","66","1","1","20","1"
"2316","66","1","1","18","1"
"2318","66","1","1","18","1"
"2320","66","1","1","10","1"
"2322","66","1","1","10","1"
"2324","66","1","1","10","1"
"2326","66","1","1","10","1"
"2328","66","1","1","10","1"
"2330","66","1","1","10","1"
"2332","66","1","1","10","1"
"2334","66","1","1","10","1"
"2336","66","1","1","10","1"
"2338","66","1","1","10","1"
"2340","66","1","1","10","1"
"2342","70","1","1","10","1"
"2344","70","1","1","10","1"
"2346","70","1","1","10","1"
"2348","70","1","1","10","1"
"2350","70","1","1","10","1"
"2352","70","1","1","10","1"
"2354","70","1","1","10","1"
"2356","70","1","1","10","1"
"2358","70","1","14","10","1"
"2360","70","1","16","10","1"
"2362","70","1","16","10","1"
"2364","70","1","16","10","1"
"2366","70","1","16","10","1"
"2368","70","1","16","10","1"
"2370","70","1","16","10","1"
"2372","70","1","16","10","1"
"2374","70","1","16","10","1"
"2376","70","1","16","10","1"
"2378","70","1","16","32","1"
"2380","70","1","16","32","1"
"2382","70","1","16","32","1"
"2384","70","1","16","32","1"
"2386","70","1","16","32","1"
"2388","70","1","16","32","1"
"2390","70","1","16","32","1"
"2392","70","1","16","32","1"
"2394","70","1","16","32","1"
"2396","70","1","16","32","1"
"2398","28","1","16","32","1"
